kindcode,kinddesc,sciname,type,record_holder
1,MIXTURE,,V,
2,OKRA,Abelmoschus esculentus,V,
3,ONION,Allium cepa,V,
4,LEEK,Allium porrum,V,
5,CHIVES,Allium schoenoprasum,V,
6,DILL,Anethum graveolens,V,
7,CELERY,Apium graveolens var. dulce,V,
8,CELERIAC,Apium graveolens var. rapaceum,V,
9,GREAT BURDOCK,Arctium lappa,V,
10,ASPARAGUS,Asparagus officinalis,V,
11,UPLAND CRESS,Barbarea verna,V,
12,BEET,Beta vulgaris subsp. vulgaris,V,
13,SWISS CHARD,Beta vulgaris subsp. cicla,V,
14,PAK-CHOI,Brassica chinensis,V,
15,INDIA MUSTARD,Brassica juncea,V,
16,RUTABAGA,Brassica napus var. napobrassica,V,
17,COLLARDS,Brassica oleracea var. acephala,V,
18,KALE,Brassica oleracea var. acephala,V,
19,CHINESE KALE,Brassica alboglabra,V,
20,BROCCOLI,Brassica oleracea var. botrytis,V,
21,CAULIFLOWER,Brassica oleracea var. botrytis,V,
22,CABBAGE,Brassica oleracea var. capitata,V,
23,TRONCHUDA CABBAGE,Brassica oleracea var. costata,V,
24,BRUSSELS-SPROUTS,Brassica oleracea var. gemmifera,V,
25,KOHLRABI,Brassica oleracea var. gongylodes,V,
26,PE-TSAI,Brassica pekinensis,V,
27,CHINESE CABBAGE,Brassica pekinensis,V,
28,SPINACH MUSTARD,Brassica perviridis,V,
29,TURNIP,Brassica rapa subsp. rapa,V,
30,SAFFLOWER,Carthamus tinctorius,V,
31,PEPPER,Capsicum spp.,V,
32,ENDIVE,Cichorium endivia,V,
33,CHICORY,Cichorium intybus,V,
34,WATERMELON,Citrullus lanatus var. lanatus,V,
35,CITRON,Citrullus lanatus var. citroides,V,
36,MUSKMELON,Cucumis melo,V,
37,CUCUMBER,Cucumis sativus,V,
38,PUMPKIN,Cucurbita pepo,V,
39,SQUASH,Cucurbita argyrosperma,V,
40,CARDOON,Cynara cardunculus subsp. carduncu,V,
41,ARTICHOKE,Cynara cardunculus subsp. carduncu,V,
42,CARROT,Daucus carota subsp. sativus,V,
43,SOYBEAN,Glycine max,V,
44,LETTUCE,Lactuca sativa,V,
45,GARDEN CRESS,Lepidium sativum,V,
46,TOMATO,Lycopersicon esculentum var. escul,V,
47,WATERCRESS,Rorippa nasturtium-aquaticum,V,
48,PARSNIP,Pastinaca sativa,V,
49,PARSLEY,Petroselinum crispum,V,
50,RUNNER BEAN,,V,
51,LIMA BEAN,Phaseolus lunatus,V,
52,GARDEN BEAN,Phaseolus vulgaris,V,
53,HUSK TOMATO,Physalis pubescens,V,
54,PEA,Pisum spp.,V,
55,RADISH,"Raphanus spp., R. sativus",V,
56,RHUBARB,Rheum rhabarbarum,V,
57,SORREL,"Rumex spp., R. acetosa",V,
58,SAGE,"Salvia spp., S. officinalis",V,
59,SUMMER SAVORY,Satureja hortensis,V,
60,EGGPLANT,Solanum melongena,V,
61,SPINACH,Spinacia oleracea,V,
62,DANDELION,Taraxacum officinale,V,
63,NEW ZEALAND SPINACH,Tetragonia tetragonioides,V,
64,SALSIFY,Tragopogon porrifolius,V,
65,CORNSALAD,Valerianella locusta,V,
66,BROADBEAN,Vicia faba,V,
67,YARD-LONG BEAN,Vigna unguiculata subsp. sespuiped,V,
68,SOUTHERN PEA,Vigna unguiculata subsp. unguicula,V,
69,SWEET CORN,Zea mays subsp. mays,V,
70,PACIFIC SILVER FIR,,S,
71,BALSAM FIR,,S,
72,WHITE FIR,,S,
73,FRASER FIR,,S,
74,GRAND FIR,,S,
75,NIKKO FIR,,S,
76,SUBALPINE FIR,,S,
77,SHASTA RED FIR,,S,
78,NOBLE FIR,,S,
79,VEITCH FIR,,S,
80,AMUR MAPLE,,S,
81,BIGLEAF MAPLE,,S,
82,NEGUNDO MAPLE,,S,
83,STRIPED MAPLE,,S,
84,NORWAY MAPLE,,S,
85,SYCAMORE MAPLE,,S,
86,RED MAPLE,,S,
87,SILVER MAPLE,,S,
88,SUGAR MAPLE,,S,
89,MOUNTIAN MAPLE,,S,
90,RED BUCKEYE,,S,
91,TREE-OF-HEAVEN,,S,
92,AILANTHUS,,S,
93,SASKATOON SERVICEBERRY,,S,
94,BLACK SAGEBRUSH,,S,
95,BIG SAGEBRUSH,,S,
96,FOURWING SALTBUSH,,S,
97,JAPANESE BARBERRY,,S,
98,EUROPEAN BARBERRY,,S,
99,YELLOW BIRCH,,S,
100,SWEET BIRCH,,S,
101,RIVER BIRCH,,S,
102,PAPER BIRCH,,S,
103,EUROPEAN WHITE BIRCH,,S,
104,GRAY BIRCH,,S,
105,INCENSE CEDAR,,S,
106,PECAN,,S,
107,SHAGBARK HICKORY,,S,
108,BEEFWOOD,,S,
109,SOUTHERN CATALPA,,S,
110,NORTHERN CATALPA,,S,
111,ATLAS CEDAR,,S,
112,DEODAR CEDAR,,S,
113,CEDAR-OF-LEBANON,,S,
114,ORIENTAL BITTERSWEET,,S,
115,AMERICAN BITTERSWEET,,S,
116,WINTERFAT,,S,
117,CURLLEAF MOUNTAIN MAHOGANY,,S,
118,TRUE MOUNTAIN MAHOGANY,,S,
119,PORT ORFORD CEDAR,,S,
120,ALASKA CEDAR,,S,
121,RUBBER RABBITBRUSH,,S,
122,FLOWERING DOGWOOD,,S,
123,RED-OSIER DOGWOOD,,S,
124,CLIFFROSE,,S,
125,DOWNY HAWTHORN,,S,
126,ARIZONA CYPRESS,,S,
127,GREEN MORMAN TEA,,S,
128,MINDANAO GUM,,S,
129,ROSE GUM,,S,
130,WHITE ASH,,S,
131,EUROPEAN ASH,,S,
132,OREGON ASH,,S,
133,BLACK ASH,,S,
134,GREEN ASH,,S,
135,HONEY LOCUST,,S,
136,SILK OAK,,S,
137,EUROPEAN LARCH,,S,
138,DUNKELD LARCH,,S,
139,JAPANESE LARCH,,S,
140,WESTERN LARCH,,S,
141,SIBERIAN LARCH,,S,
142,SWEETGUM,,S,
143,YELLOW POPULAR,,S,
144,SOUTHERN MAGNOLIA,,S,
145,APPLE,,S,
146,CRABAPPLE,,S,
147,WATER TUPELO,,S,
148,BLACK TUPELO,,S,
149,NORWAY SPRUCE,,S,
150,ENGELMANN SPRUCE,,S,
151,WESTERN WHITE SPRUCE,,S,
152,ALBERTA WHITE SPRUCE,,S,
153,WHITE SPRUCE,,S,
154,BLACK HILLS SPRUCE,,S,
155,SAKHALIN SPRUCE,,S,
156,YEDDO SPRUCE,,S,
157,KOYAMA SPRUCE,,S,
158,BLACK SPRUCE,,S,
159,SERBIAN SPRUCE,,S,
160,ORIENTAL SPRUCE,,S,
161,TIGERTAIL SPRUCE,,S,
162,BLUE SPRUCE,,S,
163,COLORADO BLUE SPRUCE,,S,
164,RED SPRUCE,,S,
165,SITKA SPRUCE,,S,
166,WHITEBARK PINE,,S,
167,BRISTOLCONE PINE,,S,
168,JACK PINE,,S,
169,CANARY PINE,,S,
170,CARIBBEAN PINE,,S,
171,SWISS STONE PINE,,S,
172,MEXICAN PINYON PINE,,S,
173,SAND PINE,,S,
174,SHORE PINE,,S,
175,LODGEPOLE PINE,,S,
176,COULTER PINE,,S,
177,BIGCONE PINE,,S,
178,JAPANESE RED PINE,,S,
179,SHORTLEAF PINE,,S,
180,SLASH PINE,,S,
181,LIMBER PINE,,S,
182,SPRUCE PINE,,S,
183,ALEPPO PINE,,S,
184,BOSNIAN PINE,,S,
185,JEFFREY PINE,,S,
186,KHASIA PINE,,S,
187,SUGAR PINE,,S,
188,FORMOSA PINE,,S,
189,MERKUS PINE,,S,
190,WESTERN WHITE PINE,,S,
191,MUGO SWISS MOUNTIAN PINE,,S,
192,SWISS MOUNTIAN PINE,,S,
193,BISHOP PINE,,S,
194,AUSTRIAN PINE,,S,
195,CORSICAN PINE,,S,
196,LONGLEAF PINE,,S,
197,JAPANESE WHITE PINE,,S,
198,JELECOTE PINE,,S,
199,CLUSTER PINE,,S,
200,ITALIAN STONE PINE,,S,
201,PONDEROSA PINE,,S,
202,WESTERN YELLOW PINE,,S,
203,MONTEREY PINE,,S,
204,RED PINE,,S,
205,NORWAY PINE,,S,
206,PITCH PINE,,S,
207,POND PINE,,S,
208,EASTERN WHITE PINE,,S,
209,SCOTCH PINE,,S,
210,LOBLOLLY PINE,,S,
211,JAPANESE BLACK PINE,,S,
212,VIRGINIA PINE,,S,
213,SCRUB PINE,,S,
214,HIMALAYAN PINE,,S,
215,AMERICAN SYCAMORE,,S,
216,ORIENTAL ARBORVITAE,,S,
217,POPLAR,,S,
218,APRICOT,,S,
219,CHERRY,,S,
220,PLUM,,S,
221,PEACH,,S,
222,GREY DOUGLAS FIR,,S,
223,BLUE DOUGLAS FIR,,S,
224,GREEN DOUGLAS FIR,,S,
225,ANTELOPE BITTERBRUSH,,S,
226,PEAR,,S,
227,RED OAK,,S,
228,BLACK OAK,,S,
229,WHITE OAK,,S,
230,CHINKAPIN OAK,,S,
231,LIVE OAK,,S,
232,RHODODENDRON,,S,
233,BLACK LOCUST,,S,
234,MULTIFLORA ROSE,,S,
235,REDWOOD,,S,
236,GIANT SEQUOIA,,S,
237,COMMON LILAC,,S,
238,NORTHERN WHITE CEDAR,,S,
239,EASTERN ARBORVITAE,,S,
240,WESTERN RED CEDAR,,S,
241,GIANT ARBORVITAE,,S,
242,EASTERN HEMLOCK,,S,
243,CANADA HEMLOCK,,S,
244,AMERICAN ELM,,S,
245,CHINESE ELM,,S,
246,SIBERIAN ELM,,S,
247,RIVERBANK GRAPE,,S,
248,TASSEL-FLOWER,Emilia javinica,F,
249,THE PEARL,Achillea ptarmica,F,
250,COMMON YARROW,Achillea millefolium,F,
251,AGERATUM,Ageratum spp.,F,
252,HOLLYHOCK,Alcea rosea,F,
253,GOLDEN-TUFT ALYSSUM,Aurinia saxatilis,F,
254,BASKET-OF-GOLD,Aurinia saxatilis,F,
255,AMARANTH,Amaranthus spp.,F,
256,SWEET SULTAN,Amberboa moschata,F,
257,SCARLET PIMPERNEL,Anagallis arvensis,F,
258,PEARLY EVERLASTING,Anaphalis margaritacea,F,
259,ITALIAN BUGLOSS,Anchusa azurea,F,
260,CAPE BUGLOSS,Anchusa capensis,F,
261,ANEMONE,Pulsatilla vulgaris,F,
262,ST. JOHNS CHAMOMILE,Anthemis santi-johannis,F,
263,GOLDEN CHAMOMILE,Anthemis tinctoria,F,
264,SNAPDRAGON,Antirrhinum spp.,F,
265,ALPINE COLUMBINE,Aquilegia alpina,F,
266,COLUMBINE,Aquilegia spp.,F,
267,LONGSPUR COLUMBINE,Aquilegia longissima,F,
268,ROCKCRESS,Arabis spp.,F,
269,AFRICAN LILAC DAISY,,F,
270,ARCTOTIS,Arctotis stochadifolia,F,
271,ARMERIA,Armeria spp.,F,
272,BUTTERFLY MILKWEED,Asclepias tuberosa,W,
273,SPRENGERI,,F,
274,SPRENGER ASPARAGUS,Asparagus densiflorus cv Sprengeri,F,
275,ASPARAGUS FERN,As[aragus setaceus,F,
276,NEW ENGLAND ASTER,Aster novae-angliae,F,
277,AUBRIETA,Aubrieta deltoidea,F,
278,WOOLY MARIGOLD,Baileya multiradiata,F,
279,BEGONIA,Begonia spp.,F,
280,ENGLISH DAISY,Bellis perennis,F,
281,SWAN RIVER DAISY,Brachycome iberidifolia,F,
282,ORNAMENTAL KALE,Brassica oleracea var. acephala,F,
283,ORNAMENTAL CABBAGE,Brassica oleracea var. acephala,F,
284,BROWALLIA,Browallia spp.,F,
285,ANGEL'S TRUMPET,Brugmansia arborea,F,
286,DWARF FORGET-ME-NOT,Brunnera macrophylla,F,
287,WILLOWLEAF OXEYE,Buphthalmum salicifolium,F,
288,CACTUS,,F,
289,CALCEOLARIA,Calceolaria spp.,F,
290,CALENDULA,Calendula officinalis,F,
291,CHINA-ASTER,Callistephus chinensis,F,
292,BEACH EVENING-PRIMROSE,Camissonia cheiranthifolia,F,
293,CARPATHIAN BELLFLOWER,Campanula carpatica,F,
294,CANTERBURY BELLS,Campanula medium,F,
295,CUP BELLFLOWER,Campanula medium cv. Calycanthema,F,
296,SAUCER BELLFLOWER,Campanula medium cv. Calycanthema,F,
297,PEACH BELLFLOWER,Campanula persicifolia,F,
298,BLUEBELLS-OF-SCOTLAND,Campanula rotundifolia,F,
299,BELLFLOWER,Campanula spp.,F,
300,ORNAMENTAL PEPPER,Capsicum spp.,F,
301,BALLOONVINE,Cardiospermum halicacabum,F,
302,HEARTSEED,Cardiospermum halicacabum,F,
303,SAGUARO CACTUS,Carnegiea gigantea,F,
304,VINCA,Catharanthus roseus,F,
305,PERIWINKLE,Catharanthus roseus,F,
306,COCKSCOMB,Celosia argentea var. cristata,F,
307,CELOSIA,Celosia argentea var. cristata,F,
308,BASKETFLOWER,Centaurea americana,F,
309,DUSTY-MILLER,Centaurea cineraria,F,
310,BACHELOR'S-BUTTON,Centaurea cyanus,F,
311,CORNFLOWER,Centaurea cyanus,F,
312,VELVET CENTAUREA,Centaurea gymnocarpa,F,
313,ROYAL CENTAUREA,Centaurea imperialis,F,
314,JUPITER'S-BEARD,Centranthus ruber,F,
315,SNOW-IN-SUMMER,Cerastium tomentosum,F,
316,CERASTIUM,Cerastium spp.,F,
317,QUEEN-ANNE'S-LACE,Daucus carota subsp. carota,F,
318,GERMAN CHAMOMILE,"Matricaria chamomilla, M. recutita",F,
319,ANNUAL CHRYSANTHEMUM,"Chrysanthemum segetum, C.carinatum",F,
320,CANARY ISLAND CHRYSANTHEMUM,Tanacetum ptarmiciflorum,F,
321,GODETIA,Clarkia concinna,F,
322,CLARKIA,Clarkia unguiculata,F,
323,CLEOME,Cleome hassleriana,F,
324,SPIDERFLOWER,Cleome hassleriana,F,
325,CATHEDRAL-BELLS,Cobaea scandens,F,
326,JOB'S-TEARS,Coix lacryma-jobi,F,
327,COLEUS,Solenostemon scutellarioides,F,
328,CHINESE-HOUSES,Collinsia heterophylla,F,
329,ANNUAL LARKSPUR,Consollida ajacis,F,
330,CORDYLINE,Cordyline australis,F,
331,DRACAENA,Cordyline spp.,F,
332,TICKSEED,Coreopsis grandiflora,F,
333,PRODUCT,,F,
334,COSMOS,Cosmos spp.,F,
335,MAMMOTH COSMOS,Cosmos bipinnatus,F,
336,CRESTED COSMOS,Cosmos bipinnatus,F,
337,COSMOS,Cosmos sulphureus,F,
338,CROSSANDRA,Crossandra infundibuliformis,F,
339,VOID,VOID,V,
340,CYCLAMEN,Cyclamen africanum,F,
341,CHINESE FORGET-ME-NOT,Cynoglossum amabile,F,
342,DAHLIA,Dahlia spp.,F,
343,CARDINAL LARKSPUR,Delphinium cardinale,F,
344,PERENNIAL DELPHINIUM,Delphinium cardinale,F,
345,DELPHINIUM,Delphinium spp.,F,
346,GOLD MEDAL DELPHINIUM,,F,
347,BELLADONA,Atropa bella-donna,F,
348,BELLAMOSUM DELPHINIUM,,F,
349,CHINENSIS DELPHINIUM,,F,
350,SWEET-WIVELSFIELD,Dianthus x allwoodii,F,
351,SWEET-WILLIAM,Dianthus barbatus,F,
352,CARNATION,Dianthus caryophyllus,F,
353,CHINA PINKS,Dianthus chinensis,F,
354,MAIDEN PINKS,Dianthus deltoides,F,
355,GRASS PINKS,Dianthus plumarius,F,
356,GASPLANT,Dictamnus albus,F,
357,DITTANY,Dictamnus albus,F,
358,BLUE LACE-FLOWER,Trachymeme coerulea,F,
359,FOXGLOVE,DIGITALIS SPP.,F,
360,AFRICAN-DAISY,DIMORPHOTHECA SP.,F,
361,CAUCASIAN LEOPARDBANE,Doronicum orientale,F,
362,ICE-PLANT,Dorotheanthus bellidiformis,F,
363,LIVINGSTONE DAISY,Dorotheanthus bellidiformis,F,
364,GLORIOSA DAISY,Rudbeckia hirta,F,
365,SMALL GLOBETHISTLE,Echinops ritro,F,
366,FLAME-VIOLET,Episcia spp.,F,
367,OREGON FLEABANE,Erigeron speciosus,F,
368,CORN POPPY,Papaver rhoeas,F,
369,PAINTED EUPHORBIA,Euphorbia heterophylla,F,
370,SNOW-ON-THE-MOUNTIAN,Euphorbia marginata,F,
372,GERMAN VIOLET,Exacum affine,F,
373,BARREL CACTUS,Ferocactus wislizenii,F,
374,FUCHSIA,Fuchsia spp.,F,
375,PERENNIAL GAILLARDIA,Gaillardia aristata,F,
376,ANNUAL GAILLARDIA,Gaillardia pulchella,F,
377,PIED GAZANIA,Gazania rigens,F,
378,TRANSVAAL-DAISY,Gerbera jamesonii,F,
379,GEUM,Geum spp.,F,
380,GILIA,Gilia tricolor,F,
381,GLADIOLUS,Gladiolus spp.,F,
382,GLOBE AMARANTH,Gomphrena globosa,F,
383,CALIFORNIA POPPY,Eschscholzia californica,F,
384,BABY'S-BREATH,Gypsophila repens,F,
385,SNEEZEWEED,Helenium spp.,F,
386,HELENIUM,Helenium spp.,F,
387,ROCK ROSE,Helianthemum nummularium,F,
388,SUNFLOWER,Helianthus spp.,F,
389,HELICHRYSUM,Helichrysum bracteatum,F,
390,STRAWFLOWER,"Helichrysum bracteatum, Helipterum",F,
391,HELIOPSIS,Heliopsis spp.,F,
392,HELIOTROPE,Heliotropium spp.,F,
393,HELIPTERUM,Helipterum roseum,F,
394,DAME'S-ROCKET,Hesperis matronalis,F,
395,SWEET ROCKET,Hesperis matronalis,F,
396,CORAL-BELLS,Heuchere sanguinea,F,
397,HIBISCUS,Hibiscus spp.,F,
398,MEXICAN TULIP-POPPY,,F,
399,POLKA-DOT-PLANT,Hypoestes phyllostachya,F,
400,ANNUAL CANDYTUFT,Iberis amara,F,
401,PERENNIAL CANDYTUFT,Iberis gibraltarica,F,
402,BALSAM,Impatiens balsamina,F,
403,IMPATIENS,Impatiens walleriana,F,
404,SUNFLOWER INULA,Inula orientalis,F,
405,MOONFLOWER,Ipomoea alba,F,
406,CYPRESS-VINE,Ipomoea quamoclit,F,
407,CARDINAL-CLIMBER,Ipomoea spp.,F,
408,HEARTS,,F,
409,HONEY-VINE,,F,
410,JAPANESE IRIS,Iris ensata,F,
411,KALANCHOE,Kalanchoe blossfeldiana,F,
412,TRITOMA,Kniphofia spp.,F,
413,TORCHLILY,Kniphofia spp.,F,
414,SUMMER CYPRESS,Kochia scoparia cv. Trichophylla,F,
415,MEXICAN FIREBUSH,Kochia scoparia cv. Trichophylla,F,
416,HYACINTH BEAN,Lablab purpureus subsp. purpureus,F,
417,LANTANA,Lantana camara,F,
418,EVERLASTING-PEA,Lathyrus latifolius,F,
419,SWEET-PEA,Lathyrus odoratus,F,
420,HERB TREEMALLOW,Lavatera trimestris,F,
421,TIDYTIPS DAISY,Lavia platyglossa,F,
422,EDELWEISS,Leontopodium alpinum,F,
423,GAYFEATHER,Liatris spicata,F,
424,REGAL LILY,Lilium regale,F,
425,STATICE,"Limonium sinuatum,Psylliostachys",F,
426,SPURRED SNAPDRAGON,Linaria maroccana,F,
427,GOLDEN FLAX,Linum flavum,F,
428,FLOWERING FLAX,Linum grandiflorum,F,
429,FLAX,Linum spp.,F,
430,LOBELIA,Lobelia spp.,F,
431,ALYSSUM,Alyssum spp.,F,
432,LUNARIA,,F,
433,HONESTY,Lunaria annua,F,
434,MONEYPLANT,Lumaria annua,F,
435,LUPINE,Lupinus spp.,F,
436,TEXAS BLUEBONNET,Lupinus subcarnosus,F,
437,POPPY,Papaver spp.,F,
438,JERUSALEM CROSS,Lychnis chalcedonica,F,
439,MALTESE CROSS,Lychnis chalcedonica,F,
440,ROSE CAMPION,Lychnis coronaria,F,
441,MULLEIN-PINK,Lychnis coronaria,F,
442,CLAMMY CAMPION,Lychnis viscaria,F,
443,PURPLE LOOSETRIFE,Lythrum salicaria,F,
444,TAHOKA DAISY,Machaeranthere tanacetifolia,F,
445,VIRGINIAN STOCKS,Malcolmia maritima,F,
446,MATRICARIA,"Matricaria spp., Tanacetum parthen",F,
447,COMMON STOCKS,Matthiola incana,F,
448,EVENING SCENTED STOCKS,Matthiola longipetala subsp.,F,
449,PEPPERMINT,Mentha x piperita,F,
450,SENSITIVE-PLANT,Mimosa pudica,F,
451,TIGER MONKEYFLOWER,Mimulus x hybridus,F,
452,MARVEL-OF-PERU,Mirabilis jalapa,F,
453,FOUR-O'CLOCK,Mirabilis spp.,F,
454,BELLS-OF-IRELAND,Moluccella laevis,F,
455,LEMON MINT,Monarda citriodora,F,
456,BERGAMOT,Monarda didyma,F,
457,MYOSOTIS,,F,
458,NEMESIA,Nemesia spp.,F,
459,SPOTTED NEMOPHILA,Nemophila maculata,F,
460,BABY-BLUE-EYES,Nemophila menziesii,F,
461,NICOTIANA,Nicotiana x sanderae,F,
462,NIEREMBERGIA,Nierembergia spp.,F,
463,LOVE-IN-A-MIST,Nigella damascena,F,
464,EVENING-PRIMROSE,Oenothera spp.,F,
465,OZARK SUNDROPS,Oenothera macrocarpa,F,
466,MISSOURI PRIMROSE,Oenothera macrocarpa,F,
467,JASMINE EVENING-PRIMROSE,Oenothera pallida,F,
468,PALE EVENING-PRIMROSE,Oenothera pallida,F,
469,TULIP POPPY,Papaver glaucum,F,
470,ICELAND POPPY,Papaver nudicaule,F,
471,ORIENTAL POPPY,Papaver orientale,F,
473,JOHNNY-JUMP-UP,Viola cornuta,F,
474,GERANIUM,Geranium spp.,F,
475,PENSTEMON,Penstemon spp.,F,
476,FIRECRACKER PENSTEMON,Penstemon eatonii,F,
477,PALMER PENSTEMON,Penstemon palmeri,F,
478,ROCKY MOUNTIAN PENSTEMON,Penstemon strictus,F,
479,PETUNIA,Petunia spp.,F,
480,TANSY,Phacelia tanacetifolia,F,
481,SCARLET RUNNER BEAN,Phaseolus coccineus,F,
482,PHLOX,Phlox spp.,F,
483,CHINESE LANTERNPLANT,Physalis alkekengi,F,
484,BALLOON-FLOWER,Platycodon grandiflorus,F,
485,CAPE PLUMBAGO,Plumbago auriculata,F,
486,FLEECE-FLOWER,Polygonum capitatum,F,
487,PORTULACA,Portulaca grandiflora,F,
488,PRIMROSE,Primula spp.,F,
489,MARTYNIA,Proboscidea louisianica,F,
490,DEVIL'S-CLAW,Proboscidea louisianica,F,
491,UNICORN-PLANT,Proboscidea louisianica,F,
493,PAINTED DAISY,"Tanacetum spp., Chrysanthemum cari",F,
494,PYRETHRUM,Tanacetum spp.,F,
495,RANUNCULUS,Ranumculus spp.,F,
496,MEXICAN-HAT,Ratibida columnifera,F,
497,PRAIRIE CONEFLOWER,Ratibida columnifera,F,
498,MIGNONETTE,Reseda spp.,F,
499,CASTORBEAN,Ricinus communis,F,
500,BLACK-EYED-SUSAN,Rudbeckia hirta,F,
501,PEARLWORT,Sagina subulata,F,
502,AFRICAN VIOLET,Saintpaulia spp.,F,
503,SALPIGLOSSIS,Salpiglossis sinuata,F,
504,MEALYCUP SAGE,Salvia farinacea,F,
505,SALVIA,Salvia spp.,F,
506,ZINNIA,Zinnia spp.,F,
507,SAPONARIA,Saponaria spp.,F,
508,ANNUAL MOURNING-BRIDE,Scabiosa atropurpurea,F,
509,PERENNIAL SCABIOSA,Scabiosa caucasica,F,
510,GOLDMOSS SEDUM,Sedum acre,F,
511,HEN-AND-CHICKENS,Sempervivum spp.,F,
512,COMMON CINERARIA,Senecio cruentus,F,
513,SWEET WILLIAM CATCHFLY,Silene armeria,F,
514,GLOXINIA,Sinningia speciosa,F,
515,SOLANUM,,F,
516,LAMB'S-EAR.,Stachys byzantina,F,
517,MARIGOLD,Tagetes spp.,F,
518,COMMON TANSY,Tanacetum vulgare,F,
519,THUNBERGIA,Thunbergia spp.,F,
520,CLOCKVINE,Thunbergia alata,F,
521,MOTHER-OF-THYME,Thymus serpyllum,F,
522,TORCH-FLOWER,Tithonia rotundifolia,F,
523,TITHONIA,Tithonia spp.,F,
524,BLUE WISHBONE-FLOWER,Torenia fournieri,F,
525,IRISH SHAMROCK,Trifolium dubium,F,
526,NASTURTIUM,"Tropaeolum spp., T. majus",F,
527,MONARCH-DAISY,Arctosis fastuosa,F,
528,VERBENA,Verbena X hybrida,F,
529,HUNGARIAN SPEEDWELL,Veronica austriciaca,F,
530,SPIKE SPEEDWELL,Veronica spicata,F,
531,VIOLA,Viola spp.,F,
532,PANSY,Viola tricolor,F,
533,ADAM'S-NEEDLE,Yucca filamentosa,F,
534,YUCCA,Yucca filamentosa,F,
535,ORNAMENTAL CORN,"Zea mays, subsp. mays",F,
536,FAIRWAY CRESTED WHEATGRASS,Agropyron cristatum,A,
537,STANDARD CRESTED WHEATGRASS,Agropyron desertorum,A,
538,TALL WHEATGRASS,Elytrigia elongata,A,
539,INTERMEDIATE WHEATGRASS,Elytrigia intermedia subsp.interme,A,
540,PUBESCENT WHEATGRASS,Elytrigia intermedia subsp.interme,A,
541,WESTERN WHEATGRASS,Pascopyrum smithii,A,
542,BEARDLESS WHEATGRASS,Pseudoroegneria spicata,A,
543,SLENDER WHEATGRASS,Elymus trachycaulus subsp.trachyca,A,
544,VELVET BENTGRASS,Agrostis canina,T,
545,COLONIAL BENTGRASS,Agrostis capillaris,T,
546,REDTOP,Agrostis gigantea,A,
547,CREEPING BENTGRASS,Agrostis stolonifera var.palustris,T,
548,MEADOW FOXTAIL,Alopecurus pratensis,A,
549,ALYCECLOVER,Alysicarpus vaginalis,A,
550,BIG BLUESTEM,Andropogon gerardii,W,
551,SAND BLUESTEM,Andropogon hallii,A,
552,SWEET VERNALGRASS,"Anthoxanthum odoratum, A.aristatum",A,
553,PEANUT,Arachis hypogaea,A,
554,TALL OATGRASS,Arrhenatherum elatius,A,
555,LOUISIANA SAGEWORT,Artemisia ludoviciana,A,
556,CICER MILKVETCH,Astragalus cicer,A,
557,RED OAT,,A,
558,OAT,Avena sativa,A,
559,CARPETGRASS,Axonopus fissifolius,A,
560,FIELD BEET,Beta vulgaris subsp. vulgaris,A,
561,SUGAR BEET,Beta vulgaris subsp. vulgaris,A,
562,YELLOW BLUESTEM,Bothriochloa ischaemum,A,
563,SIDE-OATS GRAMA,Bouteloua curtipendula,W,
564,BLUE GRAMA,Bouteloua gracilis,A,
565,BROWNTOP MILLET,Brachiaria ramosa,A,
566,ANNUAL RAPE,Brassica napus. var. annua,A,
567,WINTER RAPE,Brassica napus var. biennis,A,
568,BLACK MUSTARD,Brassica nigra,A,
569,ANNUAL TURNIP RAPE,Brassica rapa subsp. rapa,A,
570,BIRD RAPE,Brassica rapa subsp. rapa,A,
571,BIENNIAL TURNIP RAPE,Brassica rapa subsp. rapa,A,
572,FIELD BROME,Bromus arvensis,A,
573,RESCUEGRASS,Bromus catharticus,A,
574,SOFT CHESS,Bromus hordeaceus,A,
575,SMOOTH BROME,Bromus inermis subsp. inermis,A,
576,MOUNTAIN BROME,BROMUS CARINATUS VAR. MARGINATUS,A,
577,BUFFALOGRASS,Buchloe dacyloides,A,
578,BLUEJOINT,Calamagrostis canadensis,A,
579,HEMP,Cannabis sativa,A,
580,SAFFLOWER,Carthamus tinctorius,A,
581,BUFFELGRASS,Cenchrus ciliaris,A,
582,RHODESGRASS,Chloris gayana,A,
583,CHICKPEA,icer arietinum,A,
584,CROWNVETCH,Coronaria varia,A,
585,CRAMBE,Crambe abyssinica,A,
586,SLENDERLEAF CROTALARIA,Crotalaria brevidens var.intermedi,A,
587,SUNN CROTALARIA,Crotalaria juncea,A,
588,LANCELEAF CROTALARIA,Crotalaria lanceolata,A,
589,SMOOTH CROTALARIA,Crotalaria pallida,A,
590,SHOWY CROTALARIA,Crotalaria spectabilis,A,
591,GUAR,Cyamopsis tetragonoloba,A,
592,GIANT BERMUDAGRASS,Cynodon dactylon var. aridus,A,
593,BERMUDAGRASS,Cynodon dactylon var. dactylon,A,
594,CRESTED DOGTAIL,Cynosurus cristatus,A,
595,ORCHARDGRASS,Dactylis glomerata,A,
596,FLORIDA BEGGARWEED,Desmodium tortuosum,A,
597,DICHONDRA,Dichondra repens,A,
598,JAPANESE MILLET,Echinochloa frumentacea,A,
599,PERENNIAL VELDTGRASS,Ehrharta calycina,A,
600,CANADA WILDRYE,Elymus canadensis,A,
601,BASIN WILDRYE,Leymus cinereus,A,
602,BOTTLEBRUSH,Elymus elymoides,A,
603,RUSSIAN WILDRYE,Psathyrostachys juncea,A,
604,WEEPING LOVEGRASS,Eragrostis curvula,A,
605,SAND LOVEGRASS,Eragrostis trichodes,A,
606,ALFILARIA,Erodium cicutarium,A,
607,BUCKWHEAT,"Fagopyrum esculentum,Eriogonum spp",A,
608,TALL FESCUE,FESTUCA ARUNDINACEA,A,
609,TALL FESCUE,Festuca arundinacea,T,
610,SHEEP FESCUE,Festuca ovina var. ovina,A,
611,MEADOW FESCUE,Festuca pratensis,A,
612,CHEWINGS FESCUE,Festuca rubra var. commutata,T,
613,HAIR FESCUE,Festuca tenuifolia,A,
614,HARD FESCUE,Festuca longifolia,T,
615,SOYBEAN,Glycine max,A,
616,COTTON,Gossypium spp.,A,
617,NORTHERN SWEETVETCH,Hedysarum boreale subsp. boreale,A,
618,SUNFLOWER,Helianthus spp.,A,
619,KENAF,Hibiscus cannabinus,A,
620,VELVETGRASS,"Holcus spp., H. lanatus",A,
621,BARLEY,Hordeum vulgare,A,
622,HAIRY INDIGO,Indigofera hirsuta,A,
623,FORAGE KOCHIA,Kochia prostrata,A,
624,KOREAN LESPEDEZA,Kummerowia stipulacea,A,
625,STRIATE LESPEDEZA,Kummerowia striata,A,
626,ROUGH-PEA,Lathyrus hirsutus,A,
627,LENTIL,Lens culinaris,A,
628,SERICEA LESPEDEZA,Lespedeza cuneata,A,
629,SIBERIAN LESPEDEZA,Lespedeza juncea,A,
630,HYBRID SORGHUM-SUDANGRASS,Sorghum X drummondii,A,
631,ZOYSIA,Zoysia japonica,A,
632,FLAX,"Linum spp., L. usitatissimum",A,
633,ANNUAL RYEGRASS,Lolium multiflorum,A,
634,ITALIAN RYEGRASS,Lolium multiflorum,A,
635,PERENNIAL RYEGRASS,Lolium perenne,A,
636,PERENNIAL RYEGRASS,Lolium perenne,T,
637,BIRDSFOOT TREFOIL,Lotus corniculatus,A,
638,BIG TREFOIL,"Lotus pedunculatus, L. uliginosus",A,
639,WHITE LUPINE,Lupinus albus,A,
640,BLUE LUPINE,Lupinus angustifolius,A,
641,YELLOW LUPINE,Lupinus luteus,A,
642,SPOTTED BURCLOVER,Medicago arabica,A,
643,BLACK MEDICK,Medicago lupulina,A,
644,BUTTONCLOVER,Medicago orbicularis,A,
645,CALIFORNIA BURCLOVER,Medicago polymorpha,A,
646,ALFALFA,Medicago sativa subsp. sativa,A,
647,WHITE SWEETCLOVER,Melilotus albus,A,
648,SOURCLOVER,Melilotus indicus,A,
649,YELLOW SWEETCLOVER,Melilotus officinalis,A,
650,MOLASSESGRASS,Melinis minutiflora,A,
651,VELVETBEAN,Mucuna pruriens var. utilis,A,
652,TOBACCO,Nicotiana tabacum,A,
653,SAINFOIN,Onobrychis viciifolia,A,
654,RICE,Oryza sativa,A,
655,INDIAN RICEGRASS,Oryzopsis hymenoides,A,
656,SMILOGRASS,Piptatherum miliaceum,A,
657,BLUE PANICGRASS,Panicum antidotale,A,
658,GUINEAGRASS,Panicum maximum,A,
659,GREEN PANICGRASS,,A,
660,PROSO MILLET,Panicum miliaceum,A,
661,SWITCHGRASS,Panicum virgatum,W,
662,DALLISGRASS,Paspalum dilatatum,A,
663,BAHIAGRASS,Paspalum notatum,A,
664,VASEYGRASS,Paspalum urvillei,A,
665,PEARL MILLET,Pennisetum glaucum,A,
666,NAPIERGRASS,Pennisetum purpureum,A,
667,REED CANARYGRASS,Phalaris arundinacea,A,
668,CANARYGRASS,"Phalaris spp., P. canariensis",A,
669,HARDINGGRASS,Phalaris stenoptera,A,
670,FIELD BEAN,Phaseolus vulgaris,A,
671,TIMOTHY,Phleum pratense,A,
672,FIELD PEA,Pisum sativum,A,
673,ANNUAL BLUEGRASS,Poa annua,A,
674,TEXAS BLUEGRASS,Poa arachnifera,A,
675,CANADA BLUEGRASS,Poa compressa,A,
676,GLAUCANTHA BLUEGRASS,,A,
677,NEVADA BLUEGRASS,Poa secunda,A,
678,AUSTRIAN WINTER-PEA,Lathyrus hirsutus,A,
679,KENTUCKY BLUEGRASS,Poa pratensis,T,
680,ROUGH BLUEGRASS,Poa trivialis,A,
681,KUDZU,Pueraria montana var. lobata,A,
682,CASTORBEAN,Ricinus communis,A,
683,LITTLE BURNET,Sanguisorba minor,A,
684,LITTLE BLUESTEM,Schizachyrium scoparium,W,
685,RYE,Secale cereale subsp. cereale,A,
686,MOUNTAIN RYE,Secale strictum subsp. strictum,A,
687,SESAME,Sesamum indicum,A,
688,SESBANIA,,A,
689,ITALIAN MILLET,Setaria italica,A,
690,WHITE MUSTARD,Sinapis alba,A,
691,INDIANGRASS,Sorghastrum spp.,W,
692,ALMUM SORGHUM,Sorghum X almum,A,
693,BROOMCORN,Sorghum bicolor,A,
694,SORGHUM,Sorghum bicolor,A,
695,SUDANGRASS,Sorghum X drummondii,A,
696,JOHNSONGRASS,Sorghum halepense,A,
697,SORGRASS,,A,
698,SAND DROPSEED,Sporobolus cryptandrus,A,
699,GREEN NEEDLEGRASS,Stipa viridula,A,
700,BERSEEM CLOVER,Trifolium alexandrinum,A,
701,LARGE HOP CLOVER,Trifolium campestre,A,
702,SMALL HOP CLOVER,Trifolium dubium,A,
703,SUCKLING CLOVER,Trifolium dubium,A,
704,STRAWBERRY CLOVER,Trifolium fragiferum,A,
705,CLUSTER CLOVER,Trifolium glomeratum,A,
706,ROSE CLOVER,Trifolium hirtum,A,
707,ALSIKE CLOVER,Trifolium hybridum,A,
708,CRIMSON CLOVER,Trifolium incarnatum,A,
709,LAPPA CLOVER,Trifolium lappaceum,A,
710,RED CLOVER,Trifolium pratense,A,
711,WHITE CLOVER,Trifolium repens,A,
712,LADINO CLOVER,Trifolium repens,A,
713,PERSIAN CLOVER,Trifolium resupinatum,A,
714,KENYA CLOVER,Trifolium semipilosum,A,
716,SUBTERRANEAN CLOVER,Trifolium subterraneum,A,
717,TRITICALE,X Triticosecale,A,
718,WHEAT,Triticum spp.,A,
719,DURUM WHEAT,Triticum durum,A,
720,EMMER WHEAT,Triticum dicoccum,A,
721,SPELT,Triticum spelta,A,
722,MONANTHA VETCH,,A,
723,PURPLE VETCH,Vicia benghalensis,A,
724,HUNGARIAN VETCH,Vicia pannonica,A,
725,BLACKPOD VETCH,Vicia sativa subsp. nigra,A,
726,VETCH,Vicia spp.,A,
727,WINTER VETCH,Vicia villosa subsp. varia,A,
728,HAIRY VETCH,Vicia villosa subsp. villosa,A,
729,ADZUKI BEAN,Vigna angularis,A,
730,MUNG BEAN,Vigna radiata var. radiata,A,
731,COWPEA,Vigna unguiculata subsp.unguiculat,A,
732,FIELD CORN,Zea mays,A,
733,POPCORN,Zea mays,A,
734,JAPANESE LAWNGRASS,Zoysia japonica,A,
735,MANILAGRASS,Zoysia matrella,A,
736,FOXTAIL MILLET,Setaria italica,A,
737,BULBOUS BLUEGRASS,Poa bulbosa,A,
738,WOOD BLUEGRASS,Poa nemoralis,A,
739,RED FESCUE,Festuca rubra subsp. rubra,T,
740,MIXTURE,,A,
741,MIXTURE,,T,
742,MIXTURE,,F,
743,CANTALOUPE,Cucumis melo,V,
744,SHUNGIKU,,V,
745,MIXTURE,,S,
746,PACIFIC HEMLOCK,,S,
747,WESTERN HEMLOCK,,S,
748,CALIFORNIA RED FIR,,S,
749,BOXELDER,,S,
750,CHINESE ARBORVITAE,,S,
755,SWEET BASIL,Ocimum basilicum,V,
756,COASTAL PANICGRASS,,A,
757,PARTRIDGE PEA,Chamaecrista fasciculata,F,
758,FLAT-PEA,Lathyrus sylvestris,A,
759,CENTIPEDEGRASS,Eremochloa ophiuroides,A,
760,CUMIN,Cuminum byminum,V,
761,PRODUCT,,V,
767,POPCORN,Zea mays subsp. mays,V,
768,INDIAN CORN,Zea mays subsp. mays,F,
770,MEDIUM RED CLOVER,,A,
771,COWPEA,Vigna unguidulata subsp. sunguicul,V,
772,LARKSPUR,Delphinium spp.,F,
773,WOODS ROSE,Rosa woodsii,F,
774,MUSTARD,Brassica,V,
775,COSMOS,Cosmos bipinnatus,F,
776,HAWAIIAN GOOD LUCK TI-PLANT,,F,
777,UNKNOWN,,V,
778,CUCURBIT,Cucurbit,V,
779,XERANTHEMUM,Xeranthemum spp.,F,
780,CALLIOPSIS,Coreopsis tinctoria,F,
781,CARAWAY,Carum carvi,V,
782,ELDERBERRY,Sambucus canadensis,S,
783,RYEGRASS,Lolium spp.,A,
784,SWEETCLOVER,Melilotus spp.,A,
785,RED FESCUE,Festuca rubra subsp. rubra,A,
786,CORN,Zea mays,A,
787,BENTGRASS,,T,
788,KIT,,V,
791,LEHMANN LOVEGRASS,Eragrostis lehmanniana,A,
792,LACEGRASS,Eragrostis capillaris,A,
794,LONICERA-TATARICA,,S,
795,BICOLOR LESPEDEZA,,S,
796,BRISTLY LOCUST,,S,
798,TIMOTHY CANARYGRASS,Phalaris angusta,A,
799,ARROWWOOD,VIBURNUM DENTATUM,S,
800,ASTER,Aster spp.,F,
801,CILANTRO,Coriandrum sativum,V,
802,CORIANDER,Coriandrum sativum,V,
803,POA-SUPINA,Poa supina,A,
804,FENNEL,Foeniculum vulgare,V,
805,ESCAROLLE,,V,
806,CICORIA,,V,
807,RAPA,,V,
808,CATNIP,Nepeta cataria,V,
809,SPEARMINT,Mentha spicata,V,
811,LOCUST,,S,
812,UNKNOWN,,T,
814,OXEYE DAISY,Leucanthemum vulgare,F,
815,VOID,,A,
817,SPICE-BUSH,Lindera benzoin,S,
818,MIXTURE,,M,
819,ARUGULA,,V,
820,OREGANO,Origanum vulgare,V,
821,THYME,Thymus vulgaris,V,
822,CANADA THISTLE,Cirsium arvense L.,W,
823,ARROWLEAF CLOVER,Trifolium vesiculosum,A,
824,SPONGE LOOFAH,CYLINDRICA LUFFA,F,
825,KANGAROO-PAWS,Anigozanthos flavidus,F,
826,MARJORAM,Origanum majorana,V,
827,PERENNIAL (LANCE-LEAVED) COREOPSIS,Coreopsis lanceolata,F,
828,YELLOW COSMOS,Cosmos sulphureus,F,
829,ROCKET LARKSPUR,Consolida ajacis,F,
830,BLANKET-FLOWER,Gaillardia aristata,F,
831,FORGET-ME-NOT,Myosotis spp.,F,
832,PLUMELESS THISTLE,Carduus spp.,W,
833,CHOY SUM,,V,
834,SWEET MARJORAM,Origanum majorana,V,
835,SOLANUM-MELONGENA,Solanum melongena,V,
836,LUPINE,Lupine spp.,A,
837,BORAGE,Borao officinalis,V,
838,ANISE,Pimpinella anisum,V,
839,TARRAGON,Artemisia dracunculus,V,
840,MAMMOTH RED CLOVER,,A,
841,RADICCHIO,,V,
842,ROBINIA-FERTILIS,,S,
844,FOUNTAINGRASS,Pennisetum setaceum,W,
845,ACROCLINIUM,,F,
846,KIT,,A,
847,PEPPER,Capsicum spp.,A,
848,NANNYBERRY,Virburnum lentago,S,
849,ASPARAGUS-BEAN,Vigna unguiculata subsp. sesquiped,V,
850,BIG BLUEGRASS,Poa secunda,A,
851,WORMWOOD,Artemesia spp.,V,
852,MORNING-GLORY,Ipomoea spp.,F,
854,WALLFLOWER,Erysimum hieraciifolium,F,
855,WINTER CAPE-MARIGOLD,Gastalis tragus,F,
856,FORGET-ME-NOT,Cynoglossum sp.,F,
858,LINARIA,"Linaria spp., L. maroccana",F,
859,PURPLE CONEFLOWER,Echinacea purpurea,F,
860,CATCHFLY,Silene armeria,F,
861,SHASTA DAISY,Leucanthemum x superbum,F,
862,UNKNOWN,,A,
864,INTERMEDIATE RYEGRASS,Lolium X hybridum,A,
865,DIANTHUS,,F,
866,WEEPING ALKALIGRASS,Puccinellia distans,A,
867,CHRYSOPSIS-GRAMINIFOLIA,Chrysopsis graminifolia,W,
869,WILDRYE,Elymus spp.?,A,
870,SPURGE,Euphorbia spp.,F,
871,UMBELLIFERAE-SP.,Umbelliferae spp.,F,
872,ROSACEA-SP.,Rosacea spp.,F,
873,PAPAVER-SP.,Papaver spp.,F,
874,SHATTERCANE,Sorghum bicolor,A,
875,VOID,,V,
876,PRODUCT,,A,
877,BIG QUAKING GRASS,Briza maxima,W,
879,VOID,,A,
880,LAVENDER,"Lavandula spp., L. angustifolia",F,
882,PRODUCT,,T,
884,CHERVIL,Anthriscus cerefolium,V,
885,MELON,Cucumis melo,V,
886,PRAIRIE TREFOIL,Lotus unifoliolatus,W,
887,CHINESE PARSLEY,,V,
888,ROQUETTE,"Eruca sativa, E. vesicaria subsp.",V,
889,NOVELTY-ITEM.,,A,
891,HARD FESCUE,Festuca longifolia,A,
892,SHOWY TICK-TREFOIL,Desmodium canadense,F,
893,FOWL MANNAGRASS,Glyceria striata,W,
894,SMARTWEED,Polygonum pensylvanicum,W,
895,NODDING SEDGE,Carex Crinita,W,
896,CAREX-COMOSA,Carex comosa,W,
897,CAREX-LURIDA,Carex lurida,W,
898,EUPATORIUM-MACULATUM,Eupatorium maculatum,W,
899,NEW YORK IRONWEED,Vernonia noveboracensis,W,
900,RICE CUTGRASS,Leersia oryzoides,W,
901,COMMON BONESET,Eupatorium perfoliatum,F,
902,BUTTONBUSH,Cephalanthus occidentalis,S,
903,SILKY DOGWOOD,Cornus amomum,S,
904,BLUE VERVAIN,Verbena hastata,W,
905,WOOLGRASS,Scirpus cyperinus,W,
906,BONESET,Eupatorium perfoliatum,W,
907,SOFT RUSH,Juncus effusus,W,
908,VIBURNUM,,A,
909,DEERTONGUE,Panicum clandestinum,W,
910,DEVIL'S-WALKING-STICK,Aralia spinosa,W,
912,FENUGREEK,Trigonella foenum-graecum,V,
913,SCARLET SAGE,Salvia coccinea,F,
915,LICUDA-SP.,,S,
916,VERBASCUM,Verbascum spp.,F,
917,SNEEZEWORT,Inula orientalis,F,
918,WILD BERGAMONT,Monarda fistulosa,W,
919,PURPLETOP,Tridens flavus,W,
920,VIRGINIA WILDRYE,Elymus virginicus,W,
921,BOTTLEBRUSH-GRASS,Hystrix patula,W,
922,BLUESTEM,Andropogon spp.,A,
924,MIGNONETTE,Reseda spp.,W,
925,COASTAL BLUESTEM,Andropogon scoparius,W,
926,BUSHY BLUESTEM,Andropogon glomeratus,W,
927,SLENDER WILDOATS,Chasmanthium laxa,W,
928,PLUMEGRASS,Erianthus giganteum,W,
929,BEAKED PANICUM,Panicum anceps,W,
930,PASPALUM,Paspalum floridanum,W,
931,YELLOW INDIANGRASS,Sorghastrum nutans,W,
932,BROOMSEDGE,Andropogon virginicus,W,
933,WALLFLOWER,"Cheiranthus cheiri, Erysimum hiera",F,
934,CRESTED WHEATGRASS,,A,
935,HAIRY WILDRYE,Elymus villosus,W,
936,DICHANTHELIUM COMMUTATUM,Dichanthelium commutatum,W,
937,PITYOPSIS-GRAMINIFOLIA,Pityopsis graminifolia,F,
938,GAZANIA,Gazania rigens,F,
939,CHRYSANTHEMUM,Chrysanthemum spp.,F,
940,GARLAND CHRYSANTHEMUM,Chrysanthemum coronarium,F,
941,INDIAN-BLANKET,Gaillardia pulchella,F,
942,PLAINS COREOPSIS,Coreopsis tinctoria,F,
943,CLASPING CONEFLOWER,Dracopsis amplexicaulis,F,
944,WHORLED TICKSEED,Coreopsis verticillata,F,
945,HELIANTHUS DIVARICATUS,Helianthus divaricatus,F,
946,POPPY,Papaver somniferum,F,
948,ORNAMENTAL GRASS,,F,
949,HALBERO-LEAF ROSE MALLOW,HIBISCUS LAEVIS,F,
950,ANGEL-WINGS,,F,
951,LICORICE MINT,,V,
952,STARFLOWER,,F,
953,GERBERA,,F,
954,SIDALCEA,,F,
956,HARD WHEAT,,A,
957,SOFT WHEAT,,A,
958,MOSS-ROSE,Portulaca,F,
959,PATHRUSH,Juncus tenuis,W,
960,WHORLED-LEAVED COREOPSIS,Coreopsis major,F,
961,ALKALI BLUEGRASS,Poa secunda,A,
962,BLUE FESCUE,,A,
963,FOX SEDGE,Carex vulpinoidea,W,
964,LATE PURPLE ASTER,Aster patens,W,
965,ASTER,Aster sp.,W,
966,CREEPING LESPEDEZA,Lespedeza repens,W,
967,WAVY LEAF ASTER,Aster undulatus,W,
968,ANTHEMIS,Anthemis spp.,F,
969,ALKALIGRASS,Puccinellia spp.,A,
970,SWEET BROME,Bromus carinatus,A,
971,BUTTERFLY-FLOWER,Schizanthus spp.,F,
972,WHEATGRASS,AGROPYRON SPP.,A,
973,KANSAS GAYFEATHER,,F,
974,ROCKETSALAD,ERUCA SATIVA,V,
975,BUR-MARIGOLD,Bidens aristosa,F,
976,THREADLEAF COREOPSIS,Coreopsis verticillata,F,
977,NARROW-LEAVED SUNFLOWER,Helianthus angustifolius,F,
978,FEVERFEW,Tanacetum parthenium,F,
979,GRASS-LEAVED-GOLDEN ASTER,Pityopsis graminifolia,W,
981,OHIO SPIDERWORT,Tradescantia ohiensis,F,
982,THIN-LEAVED CONEFLOWER,Rudbeckia triloba(brown eyed Susan,F,
983,ORANGE CONEFLOWER,Rudbeckia fulgida,F,
984,PERENNIAL LUPINE,Lupinus perennis,F,
985,PAMPAS GRASS,Cortaderia selloana,F,
986,SCARLET FLAX,Linum grandiflorum cv. rubrum,F,
987,ROSEMARY,Rosmarinus officinalis,V,
988,OX-EYE SUNFLOWER,Heliopsis helianthoides,F,
989,TUFTED HAIRGRASS,Deschampsia cesepitosa,W,
990,BLUESTEM,Andropogon spp.,W,
991,PHEASANT'S-EYE,Adonis aestivalis,F,
992,BUNNY-TAILS,Lagurus ovatus,F,
993,DROPSEED,Sporobolus spp.,W,
994,ASTERACEAE,Asteraceae,F,
995,MEADOW CRANESBILL,Geranium pratense,F,
996,BOK-CHOI,,V,
997,WHITE MUSTARD,BRASSICA HIRTA,V,
998,GRAMINEAE CARYOPSIS,Gramineae caryopsis,A,
999,COMMON VETCH,vicia sativa subsp. sativa,A,
1000,GARLIC MUSTARD,Alliaria petiolata,V,
1001,FRAGRANT SUMAC,Rhus aromatica,S,
1002,STAGHORN SUMAC,Rhus typhina,S,
1003,FALSE INDIGO,Amorpha fruticosa,S,
1004,SMOOTH SUMAC,Rhus glabra,S,
1005,PERENNIAL PEA,Lathyrus latifolius,W,
1006,DOGWOOD,Cornus spp.,S,
1007,MILLET,,A,
1008,POA-SPECIES,Poaceae,A,
1009,COMMON SNEEZEWEED,Helenium autumnale,W,
1010,WING-STEM,Verbesina alternifolia,W,
1011,ALLEGANY MONKEYFLOWER,Mimulus ringens,W,
1012,AMERICAN MANNAGRASS,Glyceria grandis,W,
1013,SWAMP MILKWEED,Asclepias incarnata,W,
1014,LIZARDTAIL,Saururus ceruus,W,
1015,OWLFRUIT SEDGE,Carex stipata,W,
1016,AMERICAN BURREED,Sparganium americanum,W,
1017,COMMON SENSITIVEFERN,Onoclea sensibilis,W,
1018,VIRGINIA ARROWARUM,Peltandra virginicum,W,
1019,FLATTOP ASTER,Aster umbellatus,W,
1020,PURPLESTEM ASTER,Aster puniceus,W,
1021,AGROSTIS SP.,Agrostis sp.,A,
1025,LESPEDEZA HIRTA,lespedeza hirta,W,
1026,GOLDENROD,solidago sp.,W,
1027,LESPEDEZA,lespedeza spp,W,
1028,STRAWBERRY SPINACH,Blitum foliosum,V,
1029,FESTULOLIUM,x festulolium,A,
1030,BALLOONVINE,cardiospermum halicacabum,W,
1031,SWEET ALYSSUM,lobularia maritima,F,
1032,GILIA,gilia sp.,F,
1034,PHACELIA,phacelia tanacetifolia,F,
1035,LOVEGRASS,eragrostis sp.,W,
1036,PERILLA SHISO,Perilla frutescens,V,
1037,KOCHIA,Kochia childsii,F,
1038,LEMON BALM,Melissa officinalis,V,
1039,HOREHOUND,marrubium vulgare,V,
1040,CHAMOMILE,anthemis nobilis,V,
1041,LYCHNIS,lychnis occulata,F,
1042,CONEFLOWER,echinacea spp.,F,
1043,KOCHIA,kochia,F,
1044,"WALLFLOWER, SIBERIAN",cheiranthus allionii,F,
1045,ST. ANDREW'S CROSS,hypericum hypericoides,F,
1046,QUARANTINA RICCIA,Brassica rapa,V,
1047,SESSANTINA RICCIA,Brassica rapa,V,
1048,FAVA BEAN,vicia faba,V,
1049,BROCCOLI RAAB,Brassica rapa esculenta,V,
1050,"GAMAGRASS, EASTERN",Tripsacum dactyloides,W,
1052,LAUREL,Laurus nobilis,S,
1053,FLOWERING TOBACCO,Nicotiana alata,F,
1054,CAUCASIAN BLUESTEM,andropogon intermedius,W,
1055,"BLUEBELLS, DESERT",Phacelia campanularia,F,
1056,MONARDA,Monarda hybrida,F,
1057,CORAL BERRY,Symphoricarpos orbiculatus,S,
1058,BLACKHAW,Viburnum prunifolium,S,
1059,BLACK CHOKEBERRY,Arona melanocarpa,S,
1061,NINEBARK,Physocarpus opulifolius,S,
1062,CALIFORNIA POPPY,Eschscholzia sp.,F,
1063,ST. JOHN'S WORT,Hypericum perforatum,W,
1064,FINESTEM NEEDLEGRASS,Stipa tenuissima,W,
1065,BABY'S BREATH,Gypsophila sp.,F,
1066,NIGER THISTLE,Guizotia abyssinica,A,
1067,FEATHERTOP GRASS,Pennisetum villosum,W,
1068,SILKY SMOOTH ASTER,Aster laevis,F,
1069,JOE-PYE WEED,Eupatorium fistulosum,W,
1070,GIANT SUNFLOWER,Helianthus giganteus,F,
1071,GLORYFLOWER,Eccremocarpus scaber,F,
1072,MALOPE,MALOPE TRIFIDA,F,
1073,PONY TAILS,STIPA TENUISSIMA,W,
1074,"MUSTARD, MIZUNA",BRASSICA RAPA,V,
1075,MOUNTAIN OATGRASS,DANTHONIA COMPRESSA,W,
1077,HIMALAYAN CREAM POPPY,MECONOPSIS NEPAULENSIS,F,
1078,RIVERBANK WILDRYE,ELYMUS RIPARIUS,W,
1079,BLUE TOADFLAX,LINARIA CANADENSIS,W,
1080,SPOTTED MINT,MONARDA PUNCTATA,W,
1081,BALSAM GROUNDSEL,PACKERA PAUPERCAULUS,W,
1082,VENUS LOOKING GLASS,TRIODANUS PERFOLIATA,W,
1083,FOXGLOVE BEARD'S-TONGUE,PENSTEMON DIGITALIS,W,
1084,IRON WEED,VERNONIA SP.,W,
1085,FINE FESCUE,FESTUCA SP.,T,
1086,PURPLE PRAIRIE CLOVER,DALEA PURPUREA,W,
1087,BOTTLEBRUSH GRASS,ELYMUS HYSTRIX,W,
1089,PURPLE PRAIRIE FLOWER,PETALOSTEMON PUPUREUM,F,
1090,CHUFA (TUBER),CYPERUS ESCULENTUS,W,
1091,"DAISY, BUTTERCUP",,F,
1092,HYSSOP,HYSSOPUS OFFICINALIS,V,
1093,EUPHORBIA,EUPHORBIA MARGINATA,F,
1094,BROWN EYED SUSAN,RUDBECKIA TRILOBA,F,
1095,BURDOCK,ARCTIUM MINUS,V,
1096,PRAIRIE BROME,PRAIRIE BROME,W,
1097,SMOOTH PANICGRASS,PANICUM DICHOTOMIFLORUM,A,
1098,CORN COCKLE,AGROSTEMMA GITHAGO,W,
1100,GARLAND,,V,
1101,LAVENDER,LAVANDULA ANGUSTIFOLIA,V,
1102,PANICUM VIOLACEUM,PANICUM VIOLACEUM,W,
1103,INTERMEDIATE RYEGRASS,LOLIUM X HYBRIDUM,T,
1104,LOVE LIES BLEEDING,AMARANTHUS CAUDATUS,F,
1105,LOVAGE,LIGUSTICUM,V,
1106,SALAD BURNETT,,V,
1107,MISTFLOWER,EUPATORIUM COELESTINUM,W,
1108,MIXTURE,MIXTURE,W,
1109,COMMON RUE,RUTA GRAVEOLENS,F,
1110,MIXTURE,,W,
1111,CLOVER,TRIFOLIUM SP.,A,
1112,BLACK ASIAN BEAN,,A,
1113,QUINOA,CHENOPODIUM QUINOA,A,
1114,CINNAMON,CINNAMOMUM VERUM,V,
1115,MEADOW BROME,BROMUS BIEBERSTEINII,A,
1116,TREE MALLOW,LAVATERA MARITIMA,F,
1117,SUMMER LOVEGRASS,ERAGROSTIS TEF,A,
1118,SENNA,SENNA SPP.,W,
1119,GOLDFIELDS,LASTHENIA GLABRATA,F,
1120,GOURD,GOURD,F,
1121,ORNAMENTAL POPCORN,ZEA MAYS,F,
1122,CLIMBING SPINACH,BASELLA RUBRA,F,
1123,MOTHE BEAN,VIGNA ACONITIFOLIA,V,
1124,GRAMINEAE,GRAMINEAE,A,
1125,CLASPING CONEFLOWER,RUDBECKIA AMPLEXICAULIS,W,
1126,TETRAPLOID RYEGRASS,TETRAPLOID RYEGRASS,A,
1127,SCALLION,ALLIUM SP.,V,
1128,CANOLA,,A,
1129,GRAY GOLDENROD,SOLIDAGO NEMORALIS,W,
1130,RATTLESNAKE GRASS,GLYCERIA CANADENSIS,W,
1131,LURID SEDGE,CAREX LURIDA,W,
1132,CRIMSONEYED ROSEMALLOW,HIBISCUS MOSCHEUTOS,W,
1133,WILD QUININE,PARTHENIUM INTEGRIFOLIUM,W,
1134,SPOTTED BEEBALM,MONARDA PUNCTATA,W,
1135,SEEDBOX,LUDWIGIA ALTERNIFOLIA,W,
1136,MARYLAND SENNA,SENNA MARILANDICA,W,
1137,SWAMP MILKWEED,ASCLEPIAS INCARNATA,W,
1138,SLENDER GOLDENTOP,EUTHAMIA CAROLINIANA,W,
1139,KISS ME OVER THE GARDEN GATE,POLYGONUM ORIENTALE,F,
1140,SAGEBRUSH,ARTEMESIA SP.,F,
1141,WINTER PEA,PISUM SATIVUM,V,
1142,BUSH BEAN,,V,
1143,STRAWBERRY,FRAGARIA SP.,V,
1144,KURA CLOVER,TRIFOLIUM AMBIGUUM,A,
1145,KENTUCKY BLUEGRASS,POA PRATENSIS,A,
1146,JEWS MALLOW,CORCHORUS OLITORIUS,V,
1147,CHIA,S. HISPANICA,V,
1148,AFRICAN FOXGLOVE,CERATOTHECA TRILOBA,F,
1149,PUMPKIN,CUCURBITA MOSCHATA,V,
1150,MUSTARD,ENARTHROCARPUS ARCUATUS,V,
1151,KIWANO,CUCUMIS METULIFERUS,V,
1152,GHERKIN,CUCUMIS ANGURIA,V,
1153,TOMATILLO,PHYSALIS PHILADELPHICA,V,
1154,GROUND CHERRY,PHYSALIS SPP.,V,
1155,MILK THISTLE,SILYBUM MARIANUM,F,
1157,PURSLANE,PORTULACA OLERACEA,W,
1158,BLADDER DOCK,RUMEX VESICARIUS,W,
1159,GARLIC CHIVES,ALLIUM TUBEROSUM,V,
1160,SUNN HEMP,CROTALARIA JUNCEA,A,
1161,WALL-ROCKET,DIPLOTAXIS TENUIFOLIA,V,
1162,QUILLQUINA,POROPHYLLUM RUDERALE,V,
1163,TEPARY BEAN,PHASEOLUS ACUTIFOLIUS,V,
1164,HUNGER GAP KALE,BRASSICA NAPUS VAR PABULARIA,V,
1165,PASSION FRUIT,PASSIFLORA INCARNATA,F,
1166,GROUND CHERRY,PHYSALIS PUBESCENS,V,
1167,HORNED MELON,CUCUMIS METULIFERUS,V,
1168,CAMELINA,CAMELINA SATIVA,V,
1169,PATIENCE DOCK,RUMEX PATIENTIA,V,
1170,MOTHERWORT,LEONURUS CARDIACA,V,
1171,GOOD KING HENRY,BLITUM BONUS-HENRICUS,V,
1172,RED-VEINED SORREL,RUMEX SANGUINEUS,V,
1173,TULSI,OCIMUM TENUIFLORUM,V,
1174,BALSAM APPLE,MOMORDICA BALSAMINA,V,
1175,LAMBSQUARTERS,CHENOPODIUM GIGANTEUM,V,
1176,ELECAMPANE,INULA HELENIUM,F,
1177,ASHWAGHANDA,WITHANIA SOMNIFERA,F,
1178,MULLEIN,VERBASCUM,F,
1179,ANISE HYSSOP,AGASTACHE FOENICULUM,F,
1180,RED BEAN,,V,
1181,EPAZOTE,DYSPHANIA AMBROSIOIDES,V,
1182,BITTER MELON,MOMORDICA CHARANTIA,V,
1183,WAPATO,SAGITTARIA LATIFOLIA,F,
1184,ARNICA,ARNICA CHAMISSONIS,F,
1185,SKULLCAP,SCUTELLARIA,V,
1186,MOLDOVIAN BALM,DRACOCEPHALUM MOLDIVICA,F,
1187,COMMON MILKWEED,ASCLEPIAS SYRIACA,F,
1188,PLANTAIN,PLANTAGO SPP.,V,
1189,INDIGO,BAPTISIA SPP.,V,
1190,CAUCASIAN MOUNTAIN SPINACH,HABLITZIA TAMNOIDES,V,
1191,SPILANTHES,ACMELLA OLERACEA,V,
1192,JERUSALEM ARTICHOKE,HELIANTHUS TUBEROSUS,V,
1193,GARDEN ORACH,ATRIPLEX HORTENSIS,V,
1194,"ANGELICA, WILD CELERY",ANGELICA ARCHANGELICA,V,
1195,BEEBALM,MONARDA DIDYMA,V,
1196,CHINESE STEM LETTUCE,LACTUCA SATIVA,V,
1197,WILD MUSTARD,BRASSICA KABER,V,
1198,STINGING NETTLE,URTICA DIOICA,F,
1199,KOREAN MINT,AGASTACHE RUGOSA,V,
1200,WHITE SEEDED MELON,CUCUMEROPSIS MANNII,V,
1201,AMERICAN WISTERIA,WISTERIA FRUTESCENS,V,
1202,SPECKLED BAMBARA,VIGNA SUBTERRANEA,V,
1203,CHINSAGA,CLEOME GYNANDRA,F,
1204,BLACK COHOSH,ERYNGIAM SPP.,F,
1205,CANNA LILY,CANNA L.,F,
1206,HEMP,CANNABIS SATIVA,A,
1207,PIGEON PEA,CAJANUS CAJAN,V,
1208,BLACKBERRY LILY,IRIS DOMESTICA,F,
1209,CULANTRO,ERYNGIUM FOETIDUM,V,
1210,SKIRRET,SIUM SISARUM,V,
1211,AZTEC SWEET HERB,LIPPA DULCIS,V,
1212,MARSH MALLOW,ATHEA OFFICINALIS,F,
1213,BERMUDAGRASS,CYNODON DACTYLON VAR. DACTYLON,T,
1214,MOUNTAIN MINT,PYCNANTHEMUM VIRGINIANUM,F,